Participant ID,Participant Name,Portfolio ID,Portfolio Name,Category,Buy BID Limit,Buy BID Limit Utilized,Buy BID Limit Utilized V/s Limit%,Sell BID Limit,Sell BID Limit Utilized,Sell BID Limit Utilized V/s Limit%,BID Limit,BID Limit Utilized,BID Limit Utilized V/s Limit%
N2RJ0PPP0000,Parshavnath Power Projects Pvt Ltd,,,Participant,NA,5116040.00,NA,NA,NA,NA,9999999999.00,5116040.00,0.05
N2RJ0PPP0000,Parshavnath Power Projects Pvt Ltd,N2RJ0PPP0001,Mangla_Ispat_(Jaipur)_Ltd,Portfolio,NA,1108800.00,NA,NA,NA,NA,unlimited,1108800.00,0.00
N2RJ0PPP0000,Parshavnath Power Projects Pvt Ltd,N2RJ0PPP0002,Premier_Bars_Pvt_Ltd,Portfolio,NA,530400.00,NA,NA,NA,NA,1118263.00,530400.00,47.43
N2RJ0PPP0000,Parshavnath Power Projects Pvt Ltd,N2RJ0PPP0004,Shri_Prithvi_Alloys_Pvt_Ltd,Portfolio,NA,624000.00,NA,NA,NA,NA,1370745.00,624000.00,45.52
N2RJ0PPP0000,Parshavnath Power Projects Pvt Ltd,N2RJ0PPP0003,R_N_Forging_Pvt_Ltd,Portfolio,NA,0.00,NA,NA,NA,NA,0.00,0.00,0.00
N2RJ0PPP0000,Parshavnath Power Projects Pvt Ltd,N2RJ0PPP0005,R_M_Mittal_Steels_(P)_Ltd,Portfolio,NA,624000.00,NA,NA,NA,NA,915993.00,624000.00,68.12
N2RJ0PPP0000,Parshavnath Power Projects Pvt Ltd,N2RJ0PPP0006,Kesri_Steels_Ltd_Bhiwadi,Portfolio,NA,124800.00,NA,NA,NA,NA,unlimited,124800.00,0.00
N2RJ0PPP0000,Parshavnath Power Projects Pvt Ltd,N2RJ0PPP0007,Shree_Siddhi_Vinayak_Induction_Pvt_Ltd,Portfolio,NA,0.00,NA,NA,NA,NA,0.00,0.00,0.00
N2RJ0PPP0000,Parshavnath Power Projects Pvt Ltd,N2RJ0PPP0008,Sanjog_Steels_Pvt_Ltd,Portfolio,NA,0.00,NA,NA,NA,NA,0.00,0.00,0.00
N2RJ0PPP0000,Parshavnath Power Projects Pvt Ltd,N2RJ0PPP0009,Amar_Partap_Steels_Pvt_Ltd,Portfolio,NA,582400.00,NA,NA,NA,NA,989583.00,582400.00,58.85
N2RJ0PPP0000,Parshavnath Power Projects Pvt Ltd,N2RJ0PPP0010,Rathi_Bars_Ltd_Khushkhera_Bhiwadi,Portfolio,NA,0.00,NA,NA,NA,NA,0.00,0.00,0.00
N2RJ0PPP0000,Parshavnath Power Projects Pvt Ltd,N2RJ0PPP0011,Uttam_Strips_Pvt_Ltd_Bhiwadi,Portfolio,NA,0.00,NA,NA,NA,NA,0.00,0.00,0.00
N2RJ0PPP0000,Parshavnath Power Projects Pvt Ltd,N2RJ0PPP0012,Havells_India_Ltd_MIA_Alwar,Portfolio,NA,702000.00,NA,NA,NA,NA,2676948.00,702000.00,26.22
N2RJ0PPP0000,Parshavnath Power Projects Pvt Ltd,N2RJ0PPP0013,RVM_Steels_India_Pvt_Ltd,Portfolio,NA,0.00,NA,NA,NA,NA,0.00,0.00,0.00
N2RJ0PPP0000,Parshavnath Power Projects Pvt Ltd,N2RJ0PPP0014,Nirmal_Inductomelts_Ltd_Chomu,Portfolio,NA,0.00,NA,NA,NA,NA,0.00,0.00,0.00
N2RJ0PPP0000,Parshavnath Power Projects Pvt Ltd,N2RJ0PPP0015,Ashiana_Ispat_Ltd_Bhiwadi,Portfolio,NA,453600.00,NA,NA,NA,NA,unlimited,453600.00,0.00
N2RJ0PPP0000,Parshavnath Power Projects Pvt Ltd,N2RJ0PPP0016,Sewa_Steels_Pvt_Ltd_Bhiwadi,Portfolio,NA,873600.00,NA,NA,NA,NA,unlimited,873600.00,0.00
N2RJ0PPP0000,Parshavnath Power Projects Pvt Ltd,N2RJ0PPP0017,Mangla_Product_Pvt_Ltd_VKIA_Jaipur,Portfolio,NA,347200.00,NA,NA,NA,NA,unlimited,347200.00,0.00
N2RJ0PPP0000,Parshavnath Power Projects Pvt Ltd,N2RJ0PPP0018,Shree Prithvi_Steel_Rolling_Mills_Pvt_Ltd_VKIA_Jaipur,Portfolio,NA,0.00,NA,NA,NA,NA,0.00,0.00,0.00
N2RJ0PPP0000,Parshavnath Power Projects Pvt Ltd,N2RJ0PPP0019,R_M_Bros_Pvt_Ltd_Jaipur,Portfolio,NA,0.00,NA,NA,NA,NA,460460.00,0.00,0.00
N2RJ0PPP0000,Parshavnath Power Projects Pvt Ltd,N2RJ0PPP0020,Prem_Jain_Ispat_Udyog_Pvt_Ltd_Ranpur_Kota,Portfolio,NA,0.00,NA,NA,NA,NA,0.00,0.00,0.00
N2RJ0PPP0000,Parshavnath Power Projects Pvt Ltd,N2RJ0PPP0021,Ajay_Overseas_Pvt_Ltd_Bhiwadi,Portfolio,NA,0.00,NA,NA,NA,NA,unlimited,0.00,0.00
N2RJ0PPP0000,Parshavnath Power Projects Pvt Ltd,N2RJ0PPP0022,Laksh_Natural_Stones_Pvt_Ltd,Portfolio,NA,369600.00,NA,NA,NA,NA,unlimited,369600.00,0.00
N2RJ0PPP0000,Parshavnath Power Projects Pvt Ltd,N2RJ0PPP0023,Neel_Kanth_Steels_Khus_Khera,Portfolio,NA,0.00,NA,NA,NA,NA,0.00,0.00,0.00
N2RJ0PPP0000,Parshavnath Power Projects Pvt Ltd,N2RJ0PPP0024,Shri_Rathi_Steel_(Dakshin)_Ltd_Khushkheda,Portfolio,NA,0.00,NA,NA,NA,NA,14356.00,0.00,0.00
N2RJ0PPP0000,Parshavnath Power Projects Pvt Ltd,N2RJ0PPP0025,Shree_Krishna_Rolling_Mills_(Jaipur)_Ltd_Jhotwara,Portfolio,NA,447200.00,NA,NA,NA,NA,1649251.00,447200.00,27.12
N2RJ0PPP0000,Parshavnath Power Projects Pvt Ltd,N2RJ0PPP0026,National_Engineering_Industries_Ltd_Khatipura,Portfolio,NA,0.00,NA,NA,NA,NA,0.00,0.00,0.00
N2RJ0PPP0000,Parshavnath Power Projects Pvt Ltd,N2RJ0PPP0027,Savitri_Con_Cast_Limited,Portfolio,NA,390000.00,NA,NA,NA,NA,897103.00,390000.00,43.47
N2RJ0PPP0000,Parshavnath Power Projects Pvt Ltd,N2RJ0PPP0028,Kajaria_Ceramics_Ltd,Portfolio,NA,1108800.00,NA,NA,NA,NA,3594809.00,1108800.00,30.84
N2RJ0PPP0000,Parshavnath Power Projects Pvt Ltd,N2RJ0PPP0029,Kiran_Infra_Ispat_Ltd,Portfolio,NA,0.00,NA,NA,NA,NA,529.00,0.00,0.00
N2RJ0PPP0000,Parshavnath Power Projects Pvt Ltd,N2RJ0PPP0030,Shri_Sharma_Steel_Tech_(India)_Pvt_Ltd_Jhotwara_(EXT)_Jaipur,Portfolio,NA,0.00,NA,NA,NA,NA,unlimited,0.00,0.00
N2RJ0PPP0000,Parshavnath Power Projects Pvt Ltd,N2RJ0PPP0031,Multimetals_Limited,Portfolio,NA,0.00,NA,NA,NA,NA,0.00,0.00,0.00
N2RJ0PPP0000,Parshavnath Power Projects Pvt Ltd,N2RJ0PPP0032,Sharma_Commercial_(P)_Ltd_Jhotwara,Portfolio,NA,0.00,NA,NA,NA,NA,7032.00,0.00,0.00
N2RJ0PPP0000,Parshavnath Power Projects Pvt Ltd,N2RJ0PPP0033,Gee_Diamond_Steels_(P)_Ltd,Portfolio,NA,0.00,NA,NA,NA,NA,0.00,0.00,0.00
N2RJ0PPP0000,Parshavnath Power Projects Pvt Ltd,N2RJ0PPP0034,APM_Industries_Ltd,Portfolio,NA,0.00,NA,NA,NA,NA,0.00,0.00,0.00
N2RJ0PPP0000,Parshavnath Power Projects Pvt Ltd,N2RJ0PPP0036,Agrawal_Metal_Works_Pvt_Ltd,Portfolio,NA,504000.00,NA,NA,NA,NA,1229235.00,504000.00,41.00
N2RJ0PPP0000,Parshavnath Power Projects Pvt Ltd,N2RJ0PPP0035,Piyush_Finhold_Pvt_Ltd,Portfolio,NA,420000.00,NA,NA,NA,NA,1446549.00,420000.00,29.03
N2RJ0PPP0000,Parshavnath Power Projects Pvt Ltd,N2RJ0PPP0037,Shrish_Steels_Private_Ltd,Portfolio,NA,0.00,NA,NA,NA,NA,0.00,0.00,0.00
N2RJ0PPP0000,Parshavnath Power Projects Pvt Ltd,N2RJ0PPP0039,Amtek_India_Ltd,Portfolio,NA,793320.00,NA,NA,NA,NA,1266594.00,793320.00,62.63
N2RJ0PPP0000,Parshavnath Power Projects Pvt Ltd,N2RJ0PPP0040,Maruti_Products_Pvt_Ltd,Portfolio,NA,702000.00,NA,NA,NA,NA,unlimited,702000.00,0.00
N2RJ0PPP0000,Parshavnath Power Projects Pvt Ltd,N2RJ0PPP0038,Orient Refractories Ltd,Portfolio,NA,179200.00,NA,NA,NA,NA,280902.00,179200.00,63.79
N2RJ0PPP0000,Parshavnath Power Projects Pvt Ltd,N2RJ0PPP0042,Amtek India  Limited (Diamond),Portfolio,NA,1394320.00,NA,NA,NA,NA,2507070.00,1394320.00,55.62
N2RJ0PPP0000,Parshavnath Power Projects Pvt Ltd,N2RJ0PPP0041,Synergy_Steels_Ltd,Portfolio,NA,0.00,NA,NA,NA,NA,0.00,0.00,0.00
N2RJ0PPP0000,Parshavnath Power Projects Pvt Ltd,N2RJ0PPP0043,Shiva_Steelage_Pvt_Ltd,Portfolio,NA,470400.00,NA,NA,NA,NA,995347.00,470400.00,47.26
N2RJ0PPP0000,Parshavnath Power Projects Pvt Ltd,N2RJ0PPP0045,Reby_Casting_Pvt_Ltd,Portfolio,NA,0.00,NA,NA,NA,NA,0.00,0.00,0.00
N2RJ0PPP0000,Parshavnath Power Projects Pvt Ltd,N2RJ0PPP0044,Jagdambay_Castings_Pvt_Ltd,Portfolio,NA,140400.00,NA,NA,NA,NA,452681.00,140400.00,31.02
N2RJ0PPP0000,Parshavnath Power Projects Pvt Ltd,N2RJ0PPP0046,Mah_Impex_Pvt_Ltd,Portfolio,NA,0.00,NA,NA,NA,NA,0.00,0.00,0.00
N2RJ0PPP0000,Parshavnath Power Projects Pvt Ltd,N2RJ0PPP0048,Shrish_Business_Ventures_Pvt_Ltd,Portfolio,NA,0.00,NA,NA,NA,NA,0.00,0.00,0.00
N2RJ0PPP0000,Parshavnath Power Projects Pvt Ltd,N2RJ0PPP0047,Ramayana_Ispat_Pvt_Ltd,Portfolio,NA,0.00,NA,NA,NA,NA,0.00,0.00,0.00
N2RJ0PPP0000,Parshavnath Power Projects Pvt Ltd,N2RJ0PPP0049,Tarun_Alloys_Limited,Portfolio,NA,0.00,NA,NA,NA,NA,unlimited,0.00,0.00
N2RJ0PPP0000,Parshavnath Power Projects Pvt Ltd,N2RJ0PPP0050,National_Engineering_Industries_Ltd_Newal,Portfolio,NA,0.00,NA,NA,NA,NA,0.00,0.00,0.00
N2RJ0PPP0000,Parshavnath Power Projects Pvt Ltd,N2RJ0PPP0051,R_K_Marble_Pvt_Ltd_Morwad,Portfolio,NA,66000.00,NA,NA,NA,NA,1212026.00,66000.00,5.45
N2RJ0PPP0000,Parshavnath Power Projects Pvt Ltd,N2RJ0PPP0052,Bhavya_Inductosteel_Pvt_Ltd_Reengus,Portfolio,NA,0.00,NA,NA,NA,NA,0.00,0.00,0.00
N2RJ0PPP0000,Parshavnath Power Projects Pvt Ltd,N2RJ0PPP0053,Hi_Tech_Gears_Ltd,Portfolio,NA,501600.00,NA,NA,NA,NA,768846.00,501600.00,65.24
N2RJ0PPP0000,Parshavnath Power Projects Pvt Ltd,N2RJ0PPP0054,Tijaria_Polypipes_Ltd_Sitapura,Portfolio,NA,0.00,NA,NA,NA,NA,unlimited,0.00,0.00
N2RJ0PPP0000,Parshavnath Power Projects Pvt Ltd,N2RJ0PPP0055,ARL_Infratech_Ltd_Bagru,Portfolio,NA,0.00,NA,NA,NA,NA,0.00,0.00,0.00
N2RJ0PPP0000,Parshavnath Power Projects Pvt Ltd,N2RJ0PPP0056,Bhagwati_Kripa_Paper_Mills_Pvt_Ltd_Kaladera,Portfolio,NA,252000.00,NA,NA,NA,NA,359793.00,252000.00,70.04
N2RJ0PPP0000,Parshavnath Power Projects Pvt Ltd,N2RJ0PPP0057,Naman_Casting_Pvt_Ltd_Bhiwadi,Portfolio,NA,0.00,NA,NA,NA,NA,7390.00,0.00,0.00
N2RJ0PPP0000,Parshavnath Power Projects Pvt Ltd,N2RJ0PPP0058,Maha_Mayay_Steels_Khushkhera,Portfolio,NA,0.00,NA,NA,NA,NA,0.00,0.00,0.00
N2RJ0PPP0000,Parshavnath Power Projects Pvt Ltd,N2RJ0PPP0059,Jodhpur_Alloys_Pvt_Ltd_Surpura,Portfolio,NA,0.00,NA,NA,NA,NA,0.00,0.00,0.00
N2RJ0PPP0000,Parshavnath Power Projects Pvt Ltd,N2RJ0PPP0060,Rathi_Special_Steels_Limited_Khushkhera,Portfolio,NA,0.00,NA,NA,NA,NA,0.00,0.00,0.00
N2RJ0PPP0000,Parshavnath Power Projects Pvt Ltd,N2RJ0PPP0061,Shriram Pistons and Rings Ltd,Portfolio,NA,1192800.00,NA,NA,NA,NA,2338429.00,1192800.00,51.01
N2RJ0PPP0000,Parshavnath Power Projects Pvt Ltd,N2RJ0PPP0062,Hindusthan National Glass & Ind Ltd,Portfolio,NA,0.00,NA,NA,NA,NA,0.00,0.00,0.00
N2RJ0PPP0000,Parshavnath Power Projects Pvt Ltd,N2RJ0PPP0063,Balaji Industrial Products Ltd,Portfolio,NA,0.00,NA,NA,NA,NA,672292.00,0.00,0.00
N2RJ0PPP0000,Parshavnath Power Projects Pvt Ltd,N2RJ0PPP0064,Hi-Tech Gears Ltd  I/A feeder,Portfolio,NA,322000.00,NA,NA,NA,NA,492537.00,322000.00,65.38
N2RJ0PPP0000,Parshavnath Power Projects Pvt Ltd,N2RJ0PPP0065,Golden Iron & Steel Works (Delhi),Portfolio,NA,0.00,NA,NA,NA,NA,4274.00,0.00,0.00
N2RJ0PPP0000,Parshavnath Power Projects Pvt Ltd,N2RJ0PPP0066,Wonder Cement Ltd,Portfolio,NA,0.00,NA,NA,NA,NA,6912759.00,0.00,0.00
N2RJ0PPP0000,Parshavnath Power Projects Pvt Ltd,N2RJ0PPP0067,Jagdamba TMT Mills Ltd,Portfolio,NA,453600.00,NA,NA,NA,NA,1475430.00,453600.00,30.74
N2RJ0PPP0000,Parshavnath Power Projects Pvt Ltd,N2RJ0PPP0068,Shri Jindal TOR (india)P Ltd,Portfolio,NA,529200.00,NA,NA,NA,NA,1391106.00,529200.00,38.04
N2RJ0PPP0000,Parshavnath Power Projects Pvt Ltd,N2RJ0PPP0069,Bhavik Terryfab Ltd,Portfolio,NA,0.00,NA,NA,NA,NA,unlimited,0.00,0.00
N2RJ0PPP0000,Parshavnath Power Projects Pvt Ltd,N2RJ0PPP0070,Rajasthan Patrika Pvt Ltd_Jhotwara,Portfolio,NA,0.00,NA,NA,NA,NA,Group,0.00,NA
N2RJ0PPP0000,Parshavnath Power Projects Pvt Ltd,N2RJ0PPP0071,Young Steels Pvt Ltd.,Portfolio,NA,195800.00,NA,NA,NA,NA,unlimited,195800.00,0.00
N2RJ0PPP0000,Parshavnath Power Projects Pvt Ltd,N2RJ0PPP0072,Hari Kripa Business Venture Pvt Ltd,Portfolio,NA,540000.00,NA,NA,NA,NA,854430.00,540000.00,63.20
N2RJ0PPP0000,Parshavnath Power Projects Pvt Ltd,N2RJ0PPP0073,Shree Balaji Furnaces (P) Ltd.,Portfolio,NA,243600.00,NA,NA,NA,NA,388182.00,243600.00,62.75
N2RJ0PPP0000,Parshavnath Power Projects Pvt Ltd,N2RJ0PPP0074,Sri Balaji Forgings (P) Ltd.,Portfolio,NA,243600.00,NA,NA,NA,NA,unlimited,243600.00,0.00
N2RJ0PPP0000,Parshavnath Power Projects Pvt Ltd,N2RJ0PPP0075,Kamdhenu Ispat Ltd.,Portfolio,NA,452400.00,NA,NA,NA,NA,1258440.00,452400.00,35.95
N2RJ0PPP0000,Parshavnath Power Projects Pvt Ltd,N2RJ0PPP0076,Semco Electric Pvt Ltd,Portfolio,NA,720000.00,NA,NA,NA,NA,1302781.00,720000.00,55.27
N2RJ0PPP0000,Parshavnath Power Projects Pvt Ltd,N2RJ0PPP0077,R K Marble Pvt Ltd Makrana Road- Kishangarh,Portfolio,NA,0.00,NA,NA,NA,NA,217334.00,0.00,0.00
N2RJ0PPP0000,Parshavnath Power Projects Pvt Ltd,N2RJ0PPP0078,Shrishti Alloys Private Limited Bhiwadi,Portfolio,NA,352800.00,NA,NA,NA,NA,499832.00,352800.00,70.58
N2RJ0PPP0000,Parshavnath Power Projects Pvt Ltd,N2RJ0PPP0079,Mammon Concast Pvt Ltd Dholpur,Portfolio,NA,0.00,NA,NA,NA,NA,0.00,0.00,0.00
N2RJ0PPP0000,Parshavnath Power Projects Pvt Ltd,N2RJ0PPP0080,Anil Special Steel Industries Ltd,Portfolio,NA,0.00,NA,NA,NA,NA,0.00,0.00,0.00
N2RJ0PPP0000,Parshavnath Power Projects Pvt Ltd,N2RJ0PPP0081,Jai Bharat Furnaces Pvt Ltd,Portfolio,NA,0.00,NA,NA,NA,NA,113229.00,0.00,0.00
N2RJ0PPP0000,Parshavnath Power Projects Pvt Ltd,N2RJ0PPP0082,Jai Ambey Casting Pvt Ltd,Portfolio,NA,452400.00,NA,NA,NA,NA,583363.00,452400.00,77.55
N2RJ0PPP0000,Parshavnath Power Projects Pvt Ltd,N2RJ0PPP0083,Kiwi Alloys Ltd Bhiwadi,Portfolio,NA,0.00,NA,NA,NA,NA,unlimited,0.00,0.00
N2RJ0PPP0000,Parshavnath Power Projects Pvt Ltd,N2RJ0PPP0084,K K Metals Pvt Ltd,Portfolio,NA,66000.00,NA,NA,NA,NA,98691.00,66000.00,66.88
N2RJ0PPP0000,Parshavnath Power Projects Pvt Ltd,N2RJ0PPP0085,M P K Ispat India Pvt Ltd,Portfolio,NA,461840.00,NA,NA,NA,NA,unlimited,461840.00,0.00
N2RJ0PPP0000,Parshavnath Power Projects Pvt Ltd,N2RJ0PPP0086,Jaishree Metacast Ltd,Portfolio,NA,0.00,NA,NA,NA,NA,0.00,0.00,0.00
N2RJ0PPP0000,Parshavnath Power Projects Pvt Ltd,N2RJ0PPP0087,Yantra Steels India Pvt Ltd Parbatsar Nagaur,Portfolio,NA,0.00,NA,NA,NA,NA,7231.00,0.00,0.00
N2RJ0PPP0000,Parshavnath Power Projects Pvt Ltd,N2RJ0PPP0088,Raghupati Casting Pvt Ltd,Portfolio,NA,0.00,NA,NA,NA,NA,2843.00,0.00,0.00
N2RJ0PPP0000,Parshavnath Power Projects Pvt Ltd,N2RJ0PPP0089,Jai Bajrang Steel Khushkhera,Portfolio,NA,0.00,NA,NA,NA,NA,0.00,0.00,0.00
N2RJ0PPP0000,Parshavnath Power Projects Pvt Ltd,N2RJ0PPP0090,R K Enterprises Morwad,Portfolio,NA,0.00,NA,NA,NA,NA,14042.00,0.00,0.00
N2RJ0PPP0000,Parshavnath Power Projects Pvt Ltd,N2RJ0PPP0092,RGTL Industries Ltd. Bhiwadi,Portfolio,NA,0.00,NA,NA,NA,NA,15462.00,0.00,0.00
N2RJ0PPP0000,Parshavnath Power Projects Pvt Ltd,N2RJ0PPP0093,Sanwariya Furnaces Pvt Ltd Bhiwadi,Portfolio,NA,211200.00,NA,NA,NA,NA,219590.00,211200.00,96.18
N2RJ0PPP0000,Parshavnath Power Projects Pvt Ltd,N2RJ0PPP0096,Tirupati Balaji Furnaces P Ltd,Portfolio,NA,0.00,NA,NA,NA,NA,93730.00,0.00,0.00
N2RJ0PPP0000,Parshavnath Power Projects Pvt Ltd,N2RJ0PPP0097,Shiv Jyoti Furnace Pvt. Ltd. Abu Road,Portfolio,NA,0.00,NA,NA,NA,NA,14001.00,0.00,0.00
N2RJ0PPP0000,Parshavnath Power Projects Pvt Ltd,N2RJ0PPP0098,Sharma Steel Rolling Mills Jhotwara Jaipur,Portfolio,NA,0.00,NA,NA,NA,NA,62.00,0.00,0.00
N2RJ0PPP0000,Parshavnath Power Projects Pvt Ltd,N2RJ0PPP0099,Indo Alusys Industries Ltd. Bhiwadi,Portfolio,NA,246400.00,NA,NA,NA,NA,547068.00,246400.00,45.04
N2RJ0PPP0000,Parshavnath Power Projects Pvt Ltd,N2RJ0PPP0100,Continental Engines Ltd. Bhiwadi,Portfolio,NA,95040.00,NA,NA,NA,NA,458882.00,95040.00,20.71
N2RJ0PPP0000,Parshavnath Power Projects Pvt Ltd,N2RJ0PPP0101,Serveall Land Developers Pvt Ltd,Portfolio,NA,128960.00,NA,NA,NA,NA,1905915.00,128960.00,6.77
N2RJ0PPP0000,Parshavnath Power Projects Pvt Ltd,N2RJ0PPP0102,Hind Chemisales MIA Alwar,Portfolio,NA,109200.00,NA,NA,NA,NA,180060.00,109200.00,60.65
N2RJ0PPP0000,Parshavnath Power Projects Pvt Ltd,N2RJ0PPP0103,Shri Vaibhav Metacast Pvt Ltd,Portfolio,NA,0.00,NA,NA,NA,NA,0.00,0.00,0.00
N2RJ0PPP0000,Parshavnath Power Projects Pvt Ltd,N2RJ0PPP0104,BLS Ecotech Ltd Bhiwadi,Portfolio,NA,0.00,NA,NA,NA,NA,Group,0.00,NA
N2RJ0PPP0000,Parshavnath Power Projects Pvt Ltd,N2RJ0PPP0105,M.R. Industries Bagru,Portfolio,NA,426400.00,NA,NA,NA,NA,705439.00,426400.00,60.44
N2RJ0PPP0000,Parshavnath Power Projects Pvt Ltd,N2RJ0PPP0106,Giri Raj Casting (P) Ltd.,Portfolio,NA,0.00,NA,NA,NA,NA,154000.00,0.00,0.00
N2RJ0PPP0000,Parshavnath Power Projects Pvt Ltd,N2RJ0PPP0107,Industrial Gaur Products Pvt Ltd,Portfolio,NA,0.00,NA,NA,NA,NA,unlimited,0.00,0.00
N2RJ0PPP0000,Parshavnath Power Projects Pvt Ltd,N2RJ0PPP0108,Harmony Plastics P Ltd,Portfolio,NA,0.00,NA,NA,NA,NA,11574.00,0.00,0.00
N2RJ0PPP0000,Parshavnath Power Projects Pvt Ltd,N2RJ0PPP0109,Ajanta Soya Ltd,Portfolio,NA,0.00,NA,NA,NA,NA,unlimited,0.00,0.00
N2RJ0PPP0000,Parshavnath Power Projects Pvt Ltd,N2RJ0PPP0110,Bonafide Arts Pvt Ltd,Portfolio,NA,0.00,NA,NA,NA,NA,1001787.00,0.00,0.00
N2RJ0PPP0000,Parshavnath Power Projects Pvt Ltd,N2RJ0PPP0111,Associated Stone Industries (K) Ltd,Portfolio,NA,0.00,NA,NA,NA,NA,unlimited,0.00,0.00
N2RJ0PPP0000,Parshavnath Power Projects Pvt Ltd,N2RJ0PPP0112,SSB Engineers Pvt. Ltd.,Portfolio,NA,72800.00,NA,NA,NA,NA,82137.00,72800.00,88.63
N2RJ0PPP0000,Parshavnath Power Projects Pvt Ltd,N2RJ0PPP0113,Sorabh Cement Ltd,Portfolio,NA,0.00,NA,NA,NA,NA,281707.00,0.00,0.00
N2RJ0PPP0000,Parshavnath Power Projects Pvt Ltd,N2RJ0PPP0114,ARGL Limited,Portfolio,NA,100968.00,NA,NA,NA,NA,268244.00,100968.00,37.64
N2RJ0PPP0000,Parshavnath Power Projects Pvt Ltd,N2RJ0PPP0115,Lords Chloro Alkali Ltd,Portfolio,NA,1296000.00,NA,NA,NA,NA,3035923.00,1296000.00,42.69
N2RJ0PPP0000,Parshavnath Power Projects Pvt Ltd,N2RJ0PPP0116,Fruitful Buildcon Pvt Ltd,Portfolio,NA,0.00,NA,NA,NA,NA,260400.00,0.00,0.00
N2RJ0PPP0000,Parshavnath Power Projects Pvt Ltd,N2RJ0PPP0117,BLS Ecotech Ltd Kotputli,Portfolio,NA,0.00,NA,NA,NA,NA,Group,0.00,NA
N2RJ0PPP0000,Parshavnath Power Projects Pvt Ltd,N2RJ0PPP0118,Shreeji Cotfab Ltd,Portfolio,NA,48000.00,NA,NA,NA,NA,194618.00,48000.00,24.66
N2RJ0PPP0000,Parshavnath Power Projects Pvt Ltd,N2RJ0PPP0119,Mahesh Edible Oil Industries Ltd,Portfolio,NA,0.00,NA,NA,NA,NA,871062.00,0.00,0.00
N2RJ0PPP0000,Parshavnath Power Projects Pvt Ltd,N2RJ0PPP0120,Continental Engines Ltd,Portfolio,NA,147840.00,NA,NA,NA,NA,535420.00,147840.00,27.61
N2RJ0PPP0000,Parshavnath Power Projects Pvt Ltd,N2RJ0PPP0121,Dinesh Irrigation Pvt Ltd,Portfolio,NA,0.00,NA,NA,NA,NA,56521.00,0.00,0.00
N2RJ0PPP0000,Parshavnath Power Projects Pvt Ltd,N2RJ0PPP0122,Classic Enterprises Ltd,Portfolio,NA,0.00,NA,NA,NA,NA,4685.00,0.00,0.00
N2RJ0PPP0000,Parshavnath Power Projects Pvt Ltd,N2RJ0PPP0123,Relaxo Footwears Ltd,Portfolio,NA,184800.00,NA,NA,NA,NA,239688.00,184800.00,77.10
N2RJ0PPP0000,Parshavnath Power Projects Pvt Ltd,N2RJ0PPP0124,Swatantra Bharat Mills,Portfolio,NA,36400.00,NA,NA,NA,NA,54427.00,36400.00,66.88
N2RJ0PPP0000,Parshavnath Power Projects Pvt Ltd,N2RJ0PPP0125,Paras Steel Industries,Portfolio,NA,0.00,NA,NA,NA,NA,20050.00,0.00,0.00
N2RJ0PPP0000,Parshavnath Power Projects Pvt Ltd,N2RJ0PPP0126,Casablanca Industries Pvt Ltd,Portfolio,NA,0.00,NA,NA,NA,NA,497543.00,0.00,0.00
N2RJ0PPP0000,Parshavnath Power Projects Pvt Ltd,N2RJ0PPP0127,Umang Boards Pvt Ltd,Portfolio,NA,0.00,NA,NA,NA,NA,23130.00,0.00,0.00
N2RJ0PPP0000,Parshavnath Power Projects Pvt Ltd,N2RJ0PPP0128,Honda Cars India Ltd,Portfolio,NA,504000.00,NA,NA,NA,NA,2954307.00,504000.00,17.06
N2RJ0PPP0000,Parshavnath Power Projects Pvt Ltd,N2RJ0PPP0129,Triton Hotels & Resorts Pvt Ltd,Portfolio,NA,79200.00,NA,NA,NA,NA,447506.00,79200.00,17.70
N2RJ0PPP0000,Parshavnath Power Projects Pvt Ltd,N2RJ0PPP0130,Deepak Vegpro Pvt. Ltd,Portfolio,NA,0.00,NA,NA,NA,NA,140337.00,0.00,0.00
N2RJ0PPP0000,Parshavnath Power Projects Pvt Ltd,N2RJ0PPP0131,Shivanchal Alloys Pvt Ltd,Portfolio,NA,468000.00,NA,NA,NA,NA,1116809.00,468000.00,41.91
N2RJ0PPP0000,Parshavnath Power Projects Pvt Ltd,N2RJ0PPP0132,Deepak Industries,Portfolio,NA,0.00,NA,NA,NA,NA,61687.00,0.00,0.00
N2RJ0PPP0000,Parshavnath Power Projects Pvt Ltd,N2RJ0PPP0133,Greenlam Industries Ltd,Portfolio,NA,143840.00,NA,NA,NA,NA,287844.00,143840.00,49.97
N2RJ0PPP0000,Parshavnath Power Projects Pvt Ltd,N2RJ0PPP0134,Prayag Polytech Pvt Ltd,Portfolio,NA,0.00,NA,NA,NA,NA,unlimited,0.00,0.00
N2RJ0PPP0000,Parshavnath Power Projects Pvt Ltd,N2RJ0PPP0135,Nissin Brake India Pvt Ltd,Portfolio,NA,187200.00,NA,NA,NA,NA,unlimited,187200.00,0.00
N2RJ0PPP0000,Parshavnath Power Projects Pvt Ltd,N2RJ0PPP0136,Kajaria Ceramics Ltd,Portfolio,NA,324800.00,NA,NA,NA,NA,455503.00,324800.00,71.31
N2RJ0PPP0000,Parshavnath Power Projects Pvt Ltd,N2RJ0PPP0137,OCL Iron & Steel Ltd,Portfolio,NA,216360.00,NA,NA,NA,NA,407884.00,216360.00,53.04
N2RJ0PPP0000,Parshavnath Power Projects Pvt Ltd,N2RJ0PPP0138,Metso India PVT LTD,Portfolio,NA,48000.00,NA,NA,NA,NA,unlimited,48000.00,0.00
