Participant ID,Participant Name,Portfolio ID,Portfolio Name,Category,Buy BID Limit,Buy BID Limit Utilized,Buy BID Limit Utilized V/s Limit%,Sell BID Limit,Sell BID Limit Utilized,Sell BID Limit Utilized V/s Limit%,BID Limit,BID Limit Utilized,BID Limit Utilized V/s Limit%
N2RJ0PPP0000,Parshavnath Power Projects Pvt Ltd,,,Participant,NA,6011080,NA,NA,NA,NA,9999999999,6011080,0.06
N2RJ0PPP0000,Parshavnath Power Projects Pvt Ltd,N2RJ0PPP0001,Mangla_Ispat_(Jaipur)_Ltd,Portfolio,NA,1176000,NA,NA,NA,NA,1534273.31,1176000,0
N2RJ0PPP0000,Parshavnath Power Projects Pvt Ltd,N2RJ0PPP0002,Premier_Bars_Pvt_Ltd,Portfolio,NA,530400,NA,NA,NA,NA,1224522,530400,43.31
N2RJ0PPP0000,Parshavnath Power Projects Pvt Ltd,N2RJ0PPP0004,Shri_Prithvi_Alloys_Pvt_Ltd,Portfolio,NA,686400,NA,NA,NA,NA,1639768,686400,41.86
N2RJ0PPP0000,Parshavnath Power Projects Pvt Ltd,N2RJ0PPP0003,R_N_Forging_Pvt_Ltd,Portfolio,NA,0,NA,NA,NA,NA,0,0,0
N2RJ0PPP0000,Parshavnath Power Projects Pvt Ltd,N2RJ0PPP0005,R_M_Mittal_Steels_(P)_Ltd,Portfolio,NA,592800,NA,NA,NA,NA,1296753,592800,45.71
N2RJ0PPP0000,Parshavnath Power Projects Pvt Ltd,N2RJ0PPP0006,Kesri_Steels_Ltd_Bhiwadi,Portfolio,NA,0,NA,NA,NA,NA,-62947.52,0,0
N2RJ0PPP0000,Parshavnath Power Projects Pvt Ltd,N2RJ0PPP0007,Shree_Siddhi_Vinayak_Induction_Pvt_Ltd,Portfolio,NA,0,NA,NA,NA,NA,0,0,0
N2RJ0PPP0000,Parshavnath Power Projects Pvt Ltd,N2RJ0PPP0008,Sanjog_Steels_Pvt_Ltd,Portfolio,NA,0,NA,NA,NA,NA,0,0,0
N2RJ0PPP0000,Parshavnath Power Projects Pvt Ltd,N2RJ0PPP0009,Amar_Partap_Steels_Pvt_Ltd,Portfolio,NA,476800,NA,NA,NA,NA,591696,476800,80.58
N2RJ0PPP0000,Parshavnath Power Projects Pvt Ltd,N2RJ0PPP0010,Rathi_Bars_Ltd_Khushkhera_Bhiwadi,Portfolio,NA,0,NA,NA,NA,NA,0,0,0
N2RJ0PPP0000,Parshavnath Power Projects Pvt Ltd,N2RJ0PPP0011,Uttam_Strips_Pvt_Ltd_Bhiwadi,Portfolio,NA,0,NA,NA,NA,NA,0,0,0
N2RJ0PPP0000,Parshavnath Power Projects Pvt Ltd,N2RJ0PPP0012,Havells_India_Ltd_MIA_Alwar,Portfolio,NA,576000,NA,NA,NA,NA,1587790,576000,36.28
N2RJ0PPP0000,Parshavnath Power Projects Pvt Ltd,N2RJ0PPP0013,RVM_Steels_India_Pvt_Ltd,Portfolio,NA,0,NA,NA,NA,NA,0,0,0
N2RJ0PPP0000,Parshavnath Power Projects Pvt Ltd,N2RJ0PPP0014,Nirmal_Inductomelts_Ltd_Chomu,Portfolio,NA,0,NA,NA,NA,NA,0,0,0
N2RJ0PPP0000,Parshavnath Power Projects Pvt Ltd,N2RJ0PPP0015,Ashiana_Ispat_Ltd_Bhiwadi,Portfolio,NA,460080,NA,NA,NA,NA,1016257.53,460080,0
N2RJ0PPP0000,Parshavnath Power Projects Pvt Ltd,N2RJ0PPP0016,Sewa_Steels_Pvt_Ltd_Bhiwadi,Portfolio,NA,873600,NA,NA,NA,NA,-734295.39,873600,0
N2RJ0PPP0000,Parshavnath Power Projects Pvt Ltd,N2RJ0PPP0017,Mangla_Product_Pvt_Ltd_VKIA_Jaipur,Portfolio,NA,588000,NA,NA,NA,NA,678493.6,588000,0
N2RJ0PPP0000,Parshavnath Power Projects Pvt Ltd,N2RJ0PPP0018,Shree Prithvi_Steel_Rolling_Mills_Pvt_Ltd_VKIA_Jaipur,Portfolio,NA,0,NA,NA,NA,NA,0,0,0
N2RJ0PPP0000,Parshavnath Power Projects Pvt Ltd,N2RJ0PPP0019,R_M_Bros_Pvt_Ltd_Jaipur,Portfolio,NA,0,NA,NA,NA,NA,527798,0,0
N2RJ0PPP0000,Parshavnath Power Projects Pvt Ltd,N2RJ0PPP0020,Prem_Jain_Ispat_Udyog_Pvt_Ltd_Ranpur_Kota,Portfolio,NA,0,NA,NA,NA,NA,0,0,0
N2RJ0PPP0000,Parshavnath Power Projects Pvt Ltd,N2RJ0PPP0021,Ajay_Overseas_Pvt_Ltd_Bhiwadi,Portfolio,NA,0,NA,NA,NA,NA,0,0,0
N2RJ0PPP0000,Parshavnath Power Projects Pvt Ltd,N2RJ0PPP0022,Laksh_Natural_Stones_Pvt_Ltd,Portfolio,NA,369600,NA,NA,NA,NA,726607.74,369600,0
N2RJ0PPP0000,Parshavnath Power Projects Pvt Ltd,N2RJ0PPP0023,Neel_Kanth_Steels_Khus_Khera,Portfolio,NA,0,NA,NA,NA,NA,0,0,0
N2RJ0PPP0000,Parshavnath Power Projects Pvt Ltd,N2RJ0PPP0024,Shri_Rathi_Steel_(Dakshin)_Ltd_Khushkheda,Portfolio,NA,0,NA,NA,NA,NA,351856,0,0
N2RJ0PPP0000,Parshavnath Power Projects Pvt Ltd,N2RJ0PPP0025,Shree_Krishna_Rolling_Mills_(Jaipur)_Ltd_Jhotwara,Portfolio,NA,447200,NA,NA,NA,NA,1369811,447200,32.65
N2RJ0PPP0000,Parshavnath Power Projects Pvt Ltd,N2RJ0PPP0026,National_Engineering_Industries_Ltd_Khatipura,Portfolio,NA,0,NA,NA,NA,NA,0,0,0
N2RJ0PPP0000,Parshavnath Power Projects Pvt Ltd,N2RJ0PPP0027,Savitri_Con_Cast_Limited,Portfolio,NA,405600,NA,NA,NA,NA,1027660,405600,39.47
N2RJ0PPP0000,Parshavnath Power Projects Pvt Ltd,N2RJ0PPP0028,Kajaria_Ceramics_Ltd,Portfolio,NA,966000,NA,NA,NA,NA,4419887,966000,21.86
N2RJ0PPP0000,Parshavnath Power Projects Pvt Ltd,N2RJ0PPP0029,Kiran_Infra_Ispat_Ltd,Portfolio,NA,0,NA,NA,NA,NA,529,0,0
N2RJ0PPP0000,Parshavnath Power Projects Pvt Ltd,N2RJ0PPP0030,Shri_Sharma_Steel_Tech_(India)_Pvt_Ltd_Jhotwara_(EXT)_Jaipur,Portfolio,NA,0,NA,NA,NA,NA,0,0,0
N2RJ0PPP0000,Parshavnath Power Projects Pvt Ltd,N2RJ0PPP0031,Multimetals_Limited,Portfolio,NA,0,NA,NA,NA,NA,0,0,0
N2RJ0PPP0000,Parshavnath Power Projects Pvt Ltd,N2RJ0PPP0032,Sharma_Commercial_(P)_Ltd_Jhotwara,Portfolio,NA,0,NA,NA,NA,NA,7032,0,0
N2RJ0PPP0000,Parshavnath Power Projects Pvt Ltd,N2RJ0PPP0033,Gee_Diamond_Steels_(P)_Ltd,Portfolio,NA,0,NA,NA,NA,NA,0,0,0
N2RJ0PPP0000,Parshavnath Power Projects Pvt Ltd,N2RJ0PPP0034,APM_Industries_Ltd,Portfolio,NA,0,NA,NA,NA,NA,0,0,0
N2RJ0PPP0000,Parshavnath Power Projects Pvt Ltd,N2RJ0PPP0036,Agrawal_Metal_Works_Pvt_Ltd,Portfolio,NA,0,NA,NA,NA,NA,2066556,0,0
N2RJ0PPP0000,Parshavnath Power Projects Pvt Ltd,N2RJ0PPP0035,Piyush_Finhold_Pvt_Ltd,Portfolio,NA,429800,NA,NA,NA,NA,1273705,429800,33.74
N2RJ0PPP0000,Parshavnath Power Projects Pvt Ltd,N2RJ0PPP0037,Shrish_Steels_Private_Ltd,Portfolio,NA,0,NA,NA,NA,NA,0,0,0
N2RJ0PPP0000,Parshavnath Power Projects Pvt Ltd,N2RJ0PPP0039,Amtek_India_Ltd,Portfolio,NA,673120,NA,NA,NA,NA,2407039,673120,27.96
N2RJ0PPP0000,Parshavnath Power Projects Pvt Ltd,N2RJ0PPP0040,Maruti_Products_Pvt_Ltd,Portfolio,NA,720000,NA,NA,NA,NA,370497.61,720000,0
N2RJ0PPP0000,Parshavnath Power Projects Pvt Ltd,N2RJ0PPP0038,Orient Refractories Ltd,Portfolio,NA,185850,NA,NA,NA,NA,310538,185850,59.85
N2RJ0PPP0000,Parshavnath Power Projects Pvt Ltd,N2RJ0PPP0042,Amtek India  Limited (Diamond),Portfolio,NA,1192384,NA,NA,NA,NA,2235529,1192384,53.34
N2RJ0PPP0000,Parshavnath Power Projects Pvt Ltd,N2RJ0PPP0041,Synergy_Steels_Ltd,Portfolio,NA,0,NA,NA,NA,NA,0,0,0
N2RJ0PPP0000,Parshavnath Power Projects Pvt Ltd,N2RJ0PPP0043,Shiva_Steelage_Pvt_Ltd,Portfolio,NA,394240,NA,NA,NA,NA,555870,394240,70.92
N2RJ0PPP0000,Parshavnath Power Projects Pvt Ltd,N2RJ0PPP0045,Reby_Casting_Pvt_Ltd,Portfolio,NA,0,NA,NA,NA,NA,0,0,0
N2RJ0PPP0000,Parshavnath Power Projects Pvt Ltd,N2RJ0PPP0044,Jagdambay_Castings_Pvt_Ltd,Portfolio,NA,356400,NA,NA,NA,NA,749546,356400,47.55
N2RJ0PPP0000,Parshavnath Power Projects Pvt Ltd,N2RJ0PPP0046,Mah_Impex_Pvt_Ltd,Portfolio,NA,0,NA,NA,NA,NA,0,0,0
N2RJ0PPP0000,Parshavnath Power Projects Pvt Ltd,N2RJ0PPP0048,Shrish_Business_Ventures_Pvt_Ltd,Portfolio,NA,0,NA,NA,NA,NA,0,0,0
N2RJ0PPP0000,Parshavnath Power Projects Pvt Ltd,N2RJ0PPP0047,Ramayana_Ispat_Pvt_Ltd,Portfolio,NA,0,NA,NA,NA,NA,0,0,0
N2RJ0PPP0000,Parshavnath Power Projects Pvt Ltd,N2RJ0PPP0049,Tarun_Alloys_Limited,Portfolio,NA,0,NA,NA,NA,NA,0,0,0
N2RJ0PPP0000,Parshavnath Power Projects Pvt Ltd,N2RJ0PPP0050,National_Engineering_Industries_Ltd_Newal,Portfolio,NA,0,NA,NA,NA,NA,0,0,0
N2RJ0PPP0000,Parshavnath Power Projects Pvt Ltd,N2RJ0PPP0051,R_K_Marble_Pvt_Ltd_Morwad,Portfolio,NA,38400,NA,NA,NA,NA,764298,38400,5.02
N2RJ0PPP0000,Parshavnath Power Projects Pvt Ltd,N2RJ0PPP0052,Bhavya_Inductosteel_Pvt_Ltd_Reengus,Portfolio,NA,0,NA,NA,NA,NA,0,0,0
N2RJ0PPP0000,Parshavnath Power Projects Pvt Ltd,N2RJ0PPP0053,Hi_Tech_Gears_Ltd,Portfolio,NA,258400,NA,NA,NA,NA,833182,258400,31.01
N2RJ0PPP0000,Parshavnath Power Projects Pvt Ltd,N2RJ0PPP0054,Tijaria_Polypipes_Ltd_Sitapura,Portfolio,NA,0,NA,NA,NA,NA,68313.7,0,0
N2RJ0PPP0000,Parshavnath Power Projects Pvt Ltd,N2RJ0PPP0055,ARL_Infratech_Ltd_Bagru,Portfolio,NA,0,NA,NA,NA,NA,0,0,0
N2RJ0PPP0000,Parshavnath Power Projects Pvt Ltd,N2RJ0PPP0056,Bhagwati_Kripa_Paper_Mills_Pvt_Ltd_Kaladera,Portfolio,NA,306000,NA,NA,NA,NA,494621,306000,61.87
N2RJ0PPP0000,Parshavnath Power Projects Pvt Ltd,N2RJ0PPP0057,Naman_Casting_Pvt_Ltd_Bhiwadi,Portfolio,NA,0,NA,NA,NA,NA,7390,0,0
N2RJ0PPP0000,Parshavnath Power Projects Pvt Ltd,N2RJ0PPP0058,Maha_Mayay_Steels_Khushkhera,Portfolio,NA,0,NA,NA,NA,NA,1489,0,0
N2RJ0PPP0000,Parshavnath Power Projects Pvt Ltd,N2RJ0PPP0059,Jodhpur_Alloys_Pvt_Ltd_Surpura,Portfolio,NA,0,NA,NA,NA,NA,0,0,0
N2RJ0PPP0000,Parshavnath Power Projects Pvt Ltd,N2RJ0PPP0060,Rathi_Special_Steels_Limited_Khushkhera,Portfolio,NA,0,NA,NA,NA,NA,0,0,0
N2RJ0PPP0000,Parshavnath Power Projects Pvt Ltd,N2RJ0PPP0061,Shriram Pistons and Rings Ltd,Portfolio,NA,1125600,NA,NA,NA,NA,2104499,1125600,53.49
N2RJ0PPP0000,Parshavnath Power Projects Pvt Ltd,N2RJ0PPP0062,Hindusthan National Glass & Ind Ltd,Portfolio,NA,0,NA,NA,NA,NA,0,0,0
N2RJ0PPP0000,Parshavnath Power Projects Pvt Ltd,N2RJ0PPP0063,Balaji Industrial Products Ltd,Portfolio,NA,237600,NA,NA,NA,NA,1176794,237600,20.19
N2RJ0PPP0000,Parshavnath Power Projects Pvt Ltd,N2RJ0PPP0064,Hi-Tech Gears Ltd  I/A feeder,Portfolio,NA,301300,NA,NA,NA,NA,639551,301300,47.11
N2RJ0PPP0000,Parshavnath Power Projects Pvt Ltd,N2RJ0PPP0065,Golden Iron & Steel Works (Delhi),Portfolio,NA,0,NA,NA,NA,NA,4274,0,0
N2RJ0PPP0000,Parshavnath Power Projects Pvt Ltd,N2RJ0PPP0066,Wonder Cement Ltd,Portfolio,NA,864000,NA,NA,NA,NA,5247558,864000,16.46
N2RJ0PPP0000,Parshavnath Power Projects Pvt Ltd,N2RJ0PPP0067,Jagdamba TMT Mills Ltd,Portfolio,NA,501375,NA,NA,NA,NA,1044925,501375,47.98
N2RJ0PPP0000,Parshavnath Power Projects Pvt Ltd,N2RJ0PPP0068,Shri Jindal TOR (india)P Ltd,Portfolio,NA,0,NA,NA,NA,NA,1555188,0,0
N2RJ0PPP0000,Parshavnath Power Projects Pvt Ltd,N2RJ0PPP0069,Bhavik Terryfab Ltd,Portfolio,NA,331200,NA,NA,NA,NA,760705.23,331200,0
N2RJ0PPP0000,Parshavnath Power Projects Pvt Ltd,N2RJ0PPP0070,Rajasthan Patrika Pvt Ltd_Jhotwara,Portfolio,NA,0,NA,NA,NA,NA,Group,0,NA
N2RJ0PPP0000,Parshavnath Power Projects Pvt Ltd,N2RJ0PPP0071,Young Steels Pvt Ltd.,Portfolio,NA,390000,NA,NA,NA,NA,460270,390000,84.73
N2RJ0PPP0000,Parshavnath Power Projects Pvt Ltd,N2RJ0PPP0072,Hari Kripa Business Venture Pvt Ltd,Portfolio,NA,540000,NA,NA,NA,NA,1097193,540000,49.22
N2RJ0PPP0000,Parshavnath Power Projects Pvt Ltd,N2RJ0PPP0073,Shree Balaji Furnaces (P) Ltd.,Portfolio,NA,274560,NA,NA,NA,NA,636434,274560,43.14
N2RJ0PPP0000,Parshavnath Power Projects Pvt Ltd,N2RJ0PPP0074,Sri Balaji Forgings (P) Ltd.,Portfolio,NA,864000,NA,NA,NA,NA,683064.3,864000,0
N2RJ0PPP0000,Parshavnath Power Projects Pvt Ltd,N2RJ0PPP0075,Kamdhenu Ispat Ltd.,Portfolio,NA,452400,NA,NA,NA,NA,878215,452400,51.51
N2RJ0PPP0000,Parshavnath Power Projects Pvt Ltd,N2RJ0PPP0076,Semco Electric Pvt Ltd,Portfolio,NA,545880,NA,NA,NA,NA,1282216,545880,42.57
N2RJ0PPP0000,Parshavnath Power Projects Pvt Ltd,N2RJ0PPP0077,R K Marble Pvt Ltd Makrana Road- Kishangarh,Portfolio,NA,39150,NA,NA,NA,NA,160754,39150,24.35
N2RJ0PPP0000,Parshavnath Power Projects Pvt Ltd,N2RJ0PPP0078,Shrishti Alloys Private Limited Bhiwadi,Portfolio,NA,453600,NA,NA,NA,NA,764652,453600,59.32
N2RJ0PPP0000,Parshavnath Power Projects Pvt Ltd,N2RJ0PPP0079,Mammon Concast Pvt Ltd Dholpur,Portfolio,NA,0,NA,NA,NA,NA,0,0,0
N2RJ0PPP0000,Parshavnath Power Projects Pvt Ltd,N2RJ0PPP0080,Anil Special Steel Industries Ltd,Portfolio,NA,0,NA,NA,NA,NA,0,0,0
N2RJ0PPP0000,Parshavnath Power Projects Pvt Ltd,N2RJ0PPP0081,Jai Bharat Furnaces Pvt Ltd,Portfolio,NA,74900.16,NA,NA,NA,NA,74918,74900.16,99.98
N2RJ0PPP0000,Parshavnath Power Projects Pvt Ltd,N2RJ0PPP0082,Jai Ambey Casting Pvt Ltd,Portfolio,NA,450240,NA,NA,NA,NA,761723,450240,59.11
N2RJ0PPP0000,Parshavnath Power Projects Pvt Ltd,N2RJ0PPP0083,Kiwi Alloys Ltd Bhiwadi,Portfolio,NA,0,NA,NA,NA,NA,0,0,0
N2RJ0PPP0000,Parshavnath Power Projects Pvt Ltd,N2RJ0PPP0084,K K Metals Pvt Ltd,Portfolio,NA,35200,NA,NA,NA,NA,180404,35200,19.51
N2RJ0PPP0000,Parshavnath Power Projects Pvt Ltd,N2RJ0PPP0085,M P K Ispat India Pvt Ltd,Portfolio,NA,457000,NA,NA,NA,NA,384128.57,457000,0
N2RJ0PPP0000,Parshavnath Power Projects Pvt Ltd,N2RJ0PPP0086,Jaishree Metacast Ltd,Portfolio,NA,0,NA,NA,NA,NA,0,0,0
N2RJ0PPP0000,Parshavnath Power Projects Pvt Ltd,N2RJ0PPP0087,Yantra Steels India Pvt Ltd Parbatsar Nagaur,Portfolio,NA,0,NA,NA,NA,NA,7231,0,0
N2RJ0PPP0000,Parshavnath Power Projects Pvt Ltd,N2RJ0PPP0088,Raghupati Casting Pvt Ltd,Portfolio,NA,211280,NA,NA,NA,NA,212353,211280,99.49
N2RJ0PPP0000,Parshavnath Power Projects Pvt Ltd,N2RJ0PPP0089,Jai Bajrang Steel Khushkhera,Portfolio,NA,0,NA,NA,NA,NA,0,0,0
N2RJ0PPP0000,Parshavnath Power Projects Pvt Ltd,N2RJ0PPP0090,R K Enterprises Morwad,Portfolio,NA,0,NA,NA,NA,NA,14042,0,0
N2RJ0PPP0000,Parshavnath Power Projects Pvt Ltd,N2RJ0PPP0092,RGTL Industries Ltd. Bhiwadi,Portfolio,NA,0,NA,NA,NA,NA,98549,0,0
N2RJ0PPP0000,Parshavnath Power Projects Pvt Ltd,N2RJ0PPP0093,Sanwariya Furnaces Pvt Ltd Bhiwadi,Portfolio,NA,0,NA,NA,NA,NA,323136,0,0
N2RJ0PPP0000,Parshavnath Power Projects Pvt Ltd,N2RJ0PPP0096,Tirupati Balaji Furnaces P Ltd,Portfolio,NA,211200,NA,NA,NA,NA,317162,211200,66.59
N2RJ0PPP0000,Parshavnath Power Projects Pvt Ltd,N2RJ0PPP0097,Shiv Jyoti Furnace Pvt. Ltd. Abu Road,Portfolio,NA,0,NA,NA,NA,NA,14001,0,0
N2RJ0PPP0000,Parshavnath Power Projects Pvt Ltd,N2RJ0PPP0098,Sharma Steel Rolling Mills Jhotwara Jaipur,Portfolio,NA,0,NA,NA,NA,NA,62,0,0
N2RJ0PPP0000,Parshavnath Power Projects Pvt Ltd,N2RJ0PPP0099,Indo Alusys Industries Ltd. Bhiwadi,Portfolio,NA,217250,NA,NA,NA,NA,457138,217250,47.52
N2RJ0PPP0000,Parshavnath Power Projects Pvt Ltd,N2RJ0PPP0100,Continental Engines Ltd. Bhiwadi,Portfolio,NA,39160,NA,NA,NA,NA,676314,39160,5.79
N2RJ0PPP0000,Parshavnath Power Projects Pvt Ltd,N2RJ0PPP0101,Serveall Land Developers Pvt Ltd,Portfolio,NA,122720,NA,NA,NA,NA,681366,122720,18.01
N2RJ0PPP0000,Parshavnath Power Projects Pvt Ltd,N2RJ0PPP0102,Hind Chemisales MIA Alwar,Portfolio,NA,114000,NA,NA,NA,NA,222500,114000,51.24
N2RJ0PPP0000,Parshavnath Power Projects Pvt Ltd,N2RJ0PPP0103,Shri Vaibhav Metacast Pvt Ltd,Portfolio,NA,0,NA,NA,NA,NA,0,0,0
N2RJ0PPP0000,Parshavnath Power Projects Pvt Ltd,N2RJ0PPP0104,BLS Ecotech Ltd Bhiwadi,Portfolio,NA,0,NA,NA,NA,NA,Group,0,NA
N2RJ0PPP0000,Parshavnath Power Projects Pvt Ltd,N2RJ0PPP0105,M.R. Industries Bagru,Portfolio,NA,429000,NA,NA,NA,NA,576058,429000,74.47
N2RJ0PPP0000,Parshavnath Power Projects Pvt Ltd,N2RJ0PPP0106,Giri Raj Casting (P) Ltd.,Portfolio,NA,452400,NA,NA,NA,NA,472485,452400,95.75
N2RJ0PPP0000,Parshavnath Power Projects Pvt Ltd,N2RJ0PPP0107,Industrial Gaur Products Pvt Ltd,Portfolio,NA,0,NA,NA,NA,NA,0,0,0
N2RJ0PPP0000,Parshavnath Power Projects Pvt Ltd,N2RJ0PPP0108,Harmony Plastics P Ltd,Portfolio,NA,0,NA,NA,NA,NA,221574,0,0
N2RJ0PPP0000,Parshavnath Power Projects Pvt Ltd,N2RJ0PPP0109,Ajanta Soya Ltd,Portfolio,NA,0,NA,NA,NA,NA,0,0,0
N2RJ0PPP0000,Parshavnath Power Projects Pvt Ltd,N2RJ0PPP0110,Bonafide Arts Pvt Ltd,Portfolio,NA,376596.48,NA,NA,NA,NA,376822,376596.48,99.94
N2RJ0PPP0000,Parshavnath Power Projects Pvt Ltd,N2RJ0PPP0111,Associated Stone Industries (K) Ltd,Portfolio,NA,0,NA,NA,NA,NA,705263.21,0,0
N2RJ0PPP0000,Parshavnath Power Projects Pvt Ltd,N2RJ0PPP0112,SSB Engineers Pvt. Ltd.,Portfolio,NA,0,NA,NA,NA,NA,154102,0,0
N2RJ0PPP0000,Parshavnath Power Projects Pvt Ltd,N2RJ0PPP0113,Sorabh Cement Ltd,Portfolio,NA,120000,NA,NA,NA,NA,322699,120000,37.19
N2RJ0PPP0000,Parshavnath Power Projects Pvt Ltd,N2RJ0PPP0114,ARGL Limited,Portfolio,NA,100968,NA,NA,NA,NA,225103,100968,44.85
N2RJ0PPP0000,Parshavnath Power Projects Pvt Ltd,N2RJ0PPP0115,Lords Chloro Alkali Ltd,Portfolio,NA,934400,NA,NA,NA,NA,2590129,934400,36.08
N2RJ0PPP0000,Parshavnath Power Projects Pvt Ltd,N2RJ0PPP0116,Fruitful Buildcon Pvt Ltd,Portfolio,NA,0,NA,NA,NA,NA,294667,0,0
N2RJ0PPP0000,Parshavnath Power Projects Pvt Ltd,N2RJ0PPP0117,BLS Ecotech Ltd Kotputli,Portfolio,NA,0,NA,NA,NA,NA,Group,0,NA
N2RJ0PPP0000,Parshavnath Power Projects Pvt Ltd,N2RJ0PPP0118,Shreeji Cotfab Ltd,Portfolio,NA,54000,NA,NA,NA,NA,266552,54000,20.26
N2RJ0PPP0000,Parshavnath Power Projects Pvt Ltd,N2RJ0PPP0119,Mahesh Edible Oil Industries Ltd,Portfolio,NA,0,NA,NA,NA,NA,1751455,0,0
N2RJ0PPP0000,Parshavnath Power Projects Pvt Ltd,N2RJ0PPP0120,Continental Engines Ltd,Portfolio,NA,137280,NA,NA,NA,NA,489706,137280,28.03
N2RJ0PPP0000,Parshavnath Power Projects Pvt Ltd,N2RJ0PPP0121,Dinesh Irrigation Pvt Ltd,Portfolio,NA,0,NA,NA,NA,NA,56521,0,0
N2RJ0PPP0000,Parshavnath Power Projects Pvt Ltd,N2RJ0PPP0122,Classic Enterprises Ltd,Portfolio,NA,0,NA,NA,NA,NA,4685,0,0
N2RJ0PPP0000,Parshavnath Power Projects Pvt Ltd,N2RJ0PPP0123,Relaxo Footwears Ltd,Portfolio,NA,106640,NA,NA,NA,NA,420746,106640,25.35
N2RJ0PPP0000,Parshavnath Power Projects Pvt Ltd,N2RJ0PPP0124,Swatantra Bharat Mills,Portfolio,NA,0,NA,NA,NA,NA,34062,0,0
N2RJ0PPP0000,Parshavnath Power Projects Pvt Ltd,N2RJ0PPP0125,Paras Steel Industries,Portfolio,NA,0,NA,NA,NA,NA,20050,0,0
N2RJ0PPP0000,Parshavnath Power Projects Pvt Ltd,N2RJ0PPP0126,Casablanca Industries Pvt Ltd,Portfolio,NA,76800,NA,NA,NA,NA,324741,76800,23.65
N2RJ0PPP0000,Parshavnath Power Projects Pvt Ltd,N2RJ0PPP0127,Umang Boards Pvt Ltd,Portfolio,NA,0,NA,NA,NA,NA,80738,0,0
N2RJ0PPP0000,Parshavnath Power Projects Pvt Ltd,N2RJ0PPP0128,Honda Cars India Ltd,Portfolio,NA,464400,NA,NA,NA,NA,5235400,464400,8.87
N2RJ0PPP0000,Parshavnath Power Projects Pvt Ltd,N2RJ0PPP0129,Triton Hotels & Resorts Pvt Ltd,Portfolio,NA,0,NA,NA,NA,NA,503014,0,0
N2RJ0PPP0000,Parshavnath Power Projects Pvt Ltd,N2RJ0PPP0130,Deepak Vegpro Pvt. Ltd,Portfolio,NA,0,NA,NA,NA,NA,207604,0,0
N2RJ0PPP0000,Parshavnath Power Projects Pvt Ltd,N2RJ0PPP0131,Shivanchal Alloys Pvt Ltd,Portfolio,NA,624000,NA,NA,NA,NA,1216850,624000,51.28
N2RJ0PPP0000,Parshavnath Power Projects Pvt Ltd,N2RJ0PPP0132,Deepak Industries,Portfolio,NA,0,NA,NA,NA,NA,61687,0,0
N2RJ0PPP0000,Parshavnath Power Projects Pvt Ltd,N2RJ0PPP0133,Greenlam Industries Ltd,Portfolio,NA,126024,NA,NA,NA,NA,126127,126024,99.92
N2RJ0PPP0000,Parshavnath Power Projects Pvt Ltd,N2RJ0PPP0134,Prayag Polytech Pvt Ltd,Portfolio,NA,0,NA,NA,NA,NA,-10932.59,0,0
N2RJ0PPP0000,Parshavnath Power Projects Pvt Ltd,N2RJ0PPP0135,Nissin Brake India Pvt Ltd,Portfolio,NA,171600,NA,NA,NA,NA,197445.92,171600,0
