Participant ID,Participant Name,Portfolio ID,Portfolio Name,Category,Buy BID Limit,Buy BID Limit Utilized,Buy BID Limit Utilized V/s Limit%,Sell BID Limit,Sell BID Limit Utilized,Sell BID Limit Utilized V/s Limit%,BID Limit,BID Limit Utilized,BID Limit Utilized V/s Limit%
N2RJ0PPP0000,Parshavnath Power Projects Pvt Ltd,N2RJ0PPP0000,Parshavnath Power Projects Pvt Ltd,Participant,NA,5715025,NA,NA,NA,NA,9999999999,5715025,0.06
N2RJ0PPP0000,Parshavnath Power Projects Pvt Ltd,N2RJ0PPP0001,Mangla_Ispat_(Jaipur)_Ltd,Portfolio,NA,1181050,NA,NA,NA,NA,828422.37,1181050,0
N2RJ0PPP0000,Parshavnath Power Projects Pvt Ltd,N2RJ0PPP0002,Premier_Bars_Pvt_Ltd,Portfolio,NA,556400,NA,NA,NA,NA,1005269,556400,55.35
N2RJ0PPP0000,Parshavnath Power Projects Pvt Ltd,N2RJ0PPP0004,Shri_Prithvi_Alloys_Pvt_Ltd,Portfolio,NA,686400,NA,NA,NA,NA,1482179,686400,46.31
N2RJ0PPP0000,Parshavnath Power Projects Pvt Ltd,N2RJ0PPP0003,R_N_Forging_Pvt_Ltd,Portfolio,NA,0,NA,NA,NA,NA,0,0,0
N2RJ0PPP0000,Parshavnath Power Projects Pvt Ltd,N2RJ0PPP0005,R_M_Mittal_Steels_(P)_Ltd,Portfolio,NA,624000,NA,NA,NA,NA,2202268,624000,28.33
N2RJ0PPP0000,Parshavnath Power Projects Pvt Ltd,N2RJ0PPP0006,Kesri_Steels_Ltd_Bhiwadi,Portfolio,NA,163800,NA,NA,NA,NA,-98978.32,163800,0
N2RJ0PPP0000,Parshavnath Power Projects Pvt Ltd,N2RJ0PPP0007,Shree_Siddhi_Vinayak_Induction_Pvt_Ltd,Portfolio,NA,0,NA,NA,NA,NA,0,0,0
N2RJ0PPP0000,Parshavnath Power Projects Pvt Ltd,N2RJ0PPP0008,Sanjog_Steels_Pvt_Ltd,Portfolio,NA,0,NA,NA,NA,NA,0,0,0
N2RJ0PPP0000,Parshavnath Power Projects Pvt Ltd,N2RJ0PPP0009,Amar_Partap_Steels_Pvt_Ltd,Portfolio,NA,417200,NA,NA,NA,NA,629701,417200,66.25
N2RJ0PPP0000,Parshavnath Power Projects Pvt Ltd,N2RJ0PPP0010,Rathi_Bars_Ltd_Khushkhera_Bhiwadi,Portfolio,NA,0,NA,NA,NA,NA,0,0,0
N2RJ0PPP0000,Parshavnath Power Projects Pvt Ltd,N2RJ0PPP0011,Uttam_Strips_Pvt_Ltd_Bhiwadi,Portfolio,NA,0,NA,NA,NA,NA,0,0,0
N2RJ0PPP0000,Parshavnath Power Projects Pvt Ltd,N2RJ0PPP0012,Havells_India_Ltd_MIA_Alwar,Portfolio,NA,648000,NA,NA,NA,NA,1305130,648000,49.65
N2RJ0PPP0000,Parshavnath Power Projects Pvt Ltd,N2RJ0PPP0013,RVM_Steels_India_Pvt_Ltd,Portfolio,NA,0,NA,NA,NA,NA,0,0,0
N2RJ0PPP0000,Parshavnath Power Projects Pvt Ltd,N2RJ0PPP0014,Nirmal_Inductomelts_Ltd_Chomu,Portfolio,NA,0,NA,NA,NA,NA,0,0,0
N2RJ0PPP0000,Parshavnath Power Projects Pvt Ltd,N2RJ0PPP0015,Ashiana_Ispat_Ltd_Bhiwadi,Portfolio,NA,356400,NA,NA,NA,NA,1349585.76,356400,0
N2RJ0PPP0000,Parshavnath Power Projects Pvt Ltd,N2RJ0PPP0016,Sewa_Steels_Pvt_Ltd_Bhiwadi,Portfolio,NA,686400,NA,NA,NA,NA,-613346.4,686400,0
N2RJ0PPP0000,Parshavnath Power Projects Pvt Ltd,N2RJ0PPP0017,Mangla_Product_Pvt_Ltd_VKIA_Jaipur,Portfolio,NA,358800,NA,NA,NA,NA,535747.97,358800,0
N2RJ0PPP0000,Parshavnath Power Projects Pvt Ltd,N2RJ0PPP0018,Shree Prithvi_Steel_Rolling_Mills_Pvt_Ltd_VKIA_Jaipur,Portfolio,NA,0,NA,NA,NA,NA,0,0,0
N2RJ0PPP0000,Parshavnath Power Projects Pvt Ltd,N2RJ0PPP0019,R_M_Bros_Pvt_Ltd_Jaipur,Portfolio,NA,0,NA,NA,NA,NA,930755,0,0
N2RJ0PPP0000,Parshavnath Power Projects Pvt Ltd,N2RJ0PPP0020,Prem_Jain_Ispat_Udyog_Pvt_Ltd_Ranpur_Kota,Portfolio,NA,0,NA,NA,NA,NA,0,0,0
N2RJ0PPP0000,Parshavnath Power Projects Pvt Ltd,N2RJ0PPP0021,Ajay_Overseas_Pvt_Ltd_Bhiwadi,Portfolio,NA,0,NA,NA,NA,NA,0,0,0
N2RJ0PPP0000,Parshavnath Power Projects Pvt Ltd,N2RJ0PPP0022,Laksh_Natural_Stones_Pvt_Ltd,Portfolio,NA,264000,NA,NA,NA,NA,175320.28,264000,0
N2RJ0PPP0000,Parshavnath Power Projects Pvt Ltd,N2RJ0PPP0023,Neel_Kanth_Steels_Khus_Khera,Portfolio,NA,0,NA,NA,NA,NA,0,0,0
N2RJ0PPP0000,Parshavnath Power Projects Pvt Ltd,N2RJ0PPP0024,Shri_Rathi_Steel_(Dakshin)_Ltd_Khushkheda,Portfolio,NA,0,NA,NA,NA,NA,351856,0,0
N2RJ0PPP0000,Parshavnath Power Projects Pvt Ltd,N2RJ0PPP0025,Shree_Krishna_Rolling_Mills_(Jaipur)_Ltd_Jhotwara,Portfolio,NA,447200,NA,NA,NA,NA,1174206,447200,38.09
N2RJ0PPP0000,Parshavnath Power Projects Pvt Ltd,N2RJ0PPP0026,National_Engineering_Industries_Ltd_Khatipura,Portfolio,NA,0,NA,NA,NA,NA,0,0,0
N2RJ0PPP0000,Parshavnath Power Projects Pvt Ltd,N2RJ0PPP0027,Savitri_Con_Cast_Limited,Portfolio,NA,343200,NA,NA,NA,NA,636872,343200,53.89
N2RJ0PPP0000,Parshavnath Power Projects Pvt Ltd,N2RJ0PPP0028,Kajaria_Ceramics_Ltd,Portfolio,NA,1125600,NA,NA,NA,NA,2847088,1125600,39.54
N2RJ0PPP0000,Parshavnath Power Projects Pvt Ltd,N2RJ0PPP0029,Kiran_Infra_Ispat_Ltd,Portfolio,NA,0,NA,NA,NA,NA,1740,0,0
N2RJ0PPP0000,Parshavnath Power Projects Pvt Ltd,N2RJ0PPP0030,Shri_Sharma_Steel_Tech_(India)_Pvt_Ltd_Jhotwara_(EXT)_Jaipur,Portfolio,NA,0,NA,NA,NA,NA,64490,0,0
N2RJ0PPP0000,Parshavnath Power Projects Pvt Ltd,N2RJ0PPP0031,Multimetals_Limited,Portfolio,NA,0,NA,NA,NA,NA,0,0,0
N2RJ0PPP0000,Parshavnath Power Projects Pvt Ltd,N2RJ0PPP0032,Sharma_Commercial_(P)_Ltd_Jhotwara,Portfolio,NA,0,NA,NA,NA,NA,7032,0,0
N2RJ0PPP0000,Parshavnath Power Projects Pvt Ltd,N2RJ0PPP0033,Gee_Diamond_Steels_(P)_Ltd,Portfolio,NA,0,NA,NA,NA,NA,0,0,0
N2RJ0PPP0000,Parshavnath Power Projects Pvt Ltd,N2RJ0PPP0034,APM_Industries_Ltd,Portfolio,NA,0,NA,NA,NA,NA,0,0,0
N2RJ0PPP0000,Parshavnath Power Projects Pvt Ltd,N2RJ0PPP0036,Agrawal_Metal_Works_Pvt_Ltd,Portfolio,NA,0,NA,NA,NA,NA,2134658,0,0
N2RJ0PPP0000,Parshavnath Power Projects Pvt Ltd,N2RJ0PPP0035,Piyush_Finhold_Pvt_Ltd,Portfolio,NA,414700,NA,NA,NA,NA,802106,414700,51.7
N2RJ0PPP0000,Parshavnath Power Projects Pvt Ltd,N2RJ0PPP0037,Shrish_Steels_Private_Ltd,Portfolio,NA,0,NA,NA,NA,NA,0,0,0
N2RJ0PPP0000,Parshavnath Power Projects Pvt Ltd,N2RJ0PPP0039,Amtek_India_Ltd,Portfolio,NA,721200,NA,NA,NA,NA,2202769,721200,32.74
N2RJ0PPP0000,Parshavnath Power Projects Pvt Ltd,N2RJ0PPP0040,Maruti_Products_Pvt_Ltd,Portfolio,NA,720000,NA,NA,NA,NA,33629.81,720000,0
N2RJ0PPP0000,Parshavnath Power Projects Pvt Ltd,N2RJ0PPP0038,Orient Refractories Ltd,Portfolio,NA,180700,NA,NA,NA,NA,384407,180700,47.01
N2RJ0PPP0000,Parshavnath Power Projects Pvt Ltd,N2RJ0PPP0042,Amtek India  Limited (Diamond),Portfolio,NA,1262100,NA,NA,NA,NA,3560015,1262100,35.45
N2RJ0PPP0000,Parshavnath Power Projects Pvt Ltd,N2RJ0PPP0041,Synergy_Steels_Ltd,Portfolio,NA,0,NA,NA,NA,NA,0,0,0
N2RJ0PPP0000,Parshavnath Power Projects Pvt Ltd,N2RJ0PPP0043,Shiva_Steelage_Pvt_Ltd,Portfolio,NA,436800,NA,NA,NA,NA,924019,436800,47.27
N2RJ0PPP0000,Parshavnath Power Projects Pvt Ltd,N2RJ0PPP0045,Reby_Casting_Pvt_Ltd,Portfolio,NA,0,NA,NA,NA,NA,0,0,0
N2RJ0PPP0000,Parshavnath Power Projects Pvt Ltd,N2RJ0PPP0044,Jagdambay_Castings_Pvt_Ltd,Portfolio,NA,0,NA,NA,NA,NA,478188,0,0
N2RJ0PPP0000,Parshavnath Power Projects Pvt Ltd,N2RJ0PPP0046,Mah_Impex_Pvt_Ltd,Portfolio,NA,0,NA,NA,NA,NA,0,0,0
N2RJ0PPP0000,Parshavnath Power Projects Pvt Ltd,N2RJ0PPP0048,Shrish_Business_Ventures_Pvt_Ltd,Portfolio,NA,0,NA,NA,NA,NA,0,0,0
N2RJ0PPP0000,Parshavnath Power Projects Pvt Ltd,N2RJ0PPP0047,Ramayana_Ispat_Pvt_Ltd,Portfolio,NA,0,NA,NA,NA,NA,0,0,0
N2RJ0PPP0000,Parshavnath Power Projects Pvt Ltd,N2RJ0PPP0049,Tarun_Alloys_Limited,Portfolio,NA,0,NA,NA,NA,NA,0,0,0
N2RJ0PPP0000,Parshavnath Power Projects Pvt Ltd,N2RJ0PPP0050,National_Engineering_Industries_Ltd_Newal,Portfolio,NA,0,NA,NA,NA,NA,0,0,0
N2RJ0PPP0000,Parshavnath Power Projects Pvt Ltd,N2RJ0PPP0051,R_K_Marble_Pvt_Ltd_Morwad,Portfolio,NA,88000,NA,NA,NA,NA,1708035,88000,5.15
N2RJ0PPP0000,Parshavnath Power Projects Pvt Ltd,N2RJ0PPP0052,Bhavya_Inductosteel_Pvt_Ltd_Reengus,Portfolio,NA,0,NA,NA,NA,NA,0,0,0
N2RJ0PPP0000,Parshavnath Power Projects Pvt Ltd,N2RJ0PPP0053,Hi_Tech_Gears_Ltd,Portfolio,NA,408000,NA,NA,NA,NA,698474,408000,58.41
N2RJ0PPP0000,Parshavnath Power Projects Pvt Ltd,N2RJ0PPP0054,Tijaria_Polypipes_Ltd_Sitapura,Portfolio,NA,0,NA,NA,NA,NA,71863.7,0,0
N2RJ0PPP0000,Parshavnath Power Projects Pvt Ltd,N2RJ0PPP0055,ARL_Infratech_Ltd_Bagru,Portfolio,NA,0,NA,NA,NA,NA,0,0,0
N2RJ0PPP0000,Parshavnath Power Projects Pvt Ltd,N2RJ0PPP0056,Bhagwati_Kripa_Paper_Mills_Pvt_Ltd_Kaladera,Portfolio,NA,244800,NA,NA,NA,NA,396695,244800,61.71
N2RJ0PPP0000,Parshavnath Power Projects Pvt Ltd,N2RJ0PPP0057,Naman_Casting_Pvt_Ltd_Bhiwadi,Portfolio,NA,0,NA,NA,NA,NA,5255,0,0
N2RJ0PPP0000,Parshavnath Power Projects Pvt Ltd,N2RJ0PPP0058,Maha_Mayay_Steels_Khushkhera,Portfolio,NA,0,NA,NA,NA,NA,1489,0,0
N2RJ0PPP0000,Parshavnath Power Projects Pvt Ltd,N2RJ0PPP0059,Jodhpur_Alloys_Pvt_Ltd_Surpura,Portfolio,NA,0,NA,NA,NA,NA,0,0,0
N2RJ0PPP0000,Parshavnath Power Projects Pvt Ltd,N2RJ0PPP0060,Rathi_Special_Steels_Limited_Khushkhera,Portfolio,NA,0,NA,NA,NA,NA,0,0,0
N2RJ0PPP0000,Parshavnath Power Projects Pvt Ltd,N2RJ0PPP0061,Shriram Pistons and Rings Ltd,Portfolio,NA,809592,NA,NA,NA,NA,809900,809592,99.96
N2RJ0PPP0000,Parshavnath Power Projects Pvt Ltd,N2RJ0PPP0062,Hindusthan National Glass & Ind Ltd,Portfolio,NA,0,NA,NA,NA,NA,0,0,0
N2RJ0PPP0000,Parshavnath Power Projects Pvt Ltd,N2RJ0PPP0063,Balaji Industrial Products Ltd,Portfolio,NA,237600,NA,NA,NA,NA,825433,237600,28.78
N2RJ0PPP0000,Parshavnath Power Projects Pvt Ltd,N2RJ0PPP0064,Hi-Tech Gears Ltd  I/A feeder,Portfolio,NA,277200,NA,NA,NA,NA,428537,277200,64.69
N2RJ0PPP0000,Parshavnath Power Projects Pvt Ltd,N2RJ0PPP0065,Golden Iron & Steel Works (Delhi),Portfolio,NA,0,NA,NA,NA,NA,4274,0,0
N2RJ0PPP0000,Parshavnath Power Projects Pvt Ltd,N2RJ0PPP0066,Wonder Cement Ltd,Portfolio,NA,0,NA,NA,NA,NA,5114203,0,0
N2RJ0PPP0000,Parshavnath Power Projects Pvt Ltd,N2RJ0PPP0067,Jagdamba TMT Mills Ltd,Portfolio,NA,453375,NA,NA,NA,NA,734619,453375,61.72
N2RJ0PPP0000,Parshavnath Power Projects Pvt Ltd,N2RJ0PPP0068,Shri Jindal TOR (india)P Ltd,Portfolio,NA,529200,NA,NA,NA,NA,1847773,529200,28.64
N2RJ0PPP0000,Parshavnath Power Projects Pvt Ltd,N2RJ0PPP0069,Bhavik Terryfab Ltd,Portfolio,NA,290400,NA,NA,NA,NA,1307123.46,290400,0
N2RJ0PPP0000,Parshavnath Power Projects Pvt Ltd,N2RJ0PPP0070,Rajasthan Patrika Pvt Ltd_Jhotwara,Portfolio,NA,0,NA,NA,NA,NA,Group,0,NA
N2RJ0PPP0000,Parshavnath Power Projects Pvt Ltd,N2RJ0PPP0071,Young Steels Pvt Ltd.,Portfolio,NA,0,NA,NA,NA,NA,457029,0,0
N2RJ0PPP0000,Parshavnath Power Projects Pvt Ltd,N2RJ0PPP0072,Hari Kripa Business Venture Pvt Ltd,Portfolio,NA,540000,NA,NA,NA,NA,968353,540000,55.76
N2RJ0PPP0000,Parshavnath Power Projects Pvt Ltd,N2RJ0PPP0073,Shree Balaji Furnaces (P) Ltd.,Portfolio,NA,274560,NA,NA,NA,NA,498206,274560,55.11
N2RJ0PPP0000,Parshavnath Power Projects Pvt Ltd,N2RJ0PPP0074,Sri Balaji Forgings (P) Ltd.,Portfolio,NA,936000,NA,NA,NA,NA,88481.76,936000,0
N2RJ0PPP0000,Parshavnath Power Projects Pvt Ltd,N2RJ0PPP0075,Kamdhenu Ispat Ltd.,Portfolio,NA,417600,NA,NA,NA,NA,903360,417600,46.23
N2RJ0PPP0000,Parshavnath Power Projects Pvt Ltd,N2RJ0PPP0076,Semco Electric Pvt Ltd,Portfolio,NA,670000,NA,NA,NA,NA,1028971,670000,65.11
N2RJ0PPP0000,Parshavnath Power Projects Pvt Ltd,N2RJ0PPP0077,R K Marble Pvt Ltd Makrana Road- Kishangarh,Portfolio,NA,39150,NA,NA,NA,NA,366310,39150,10.69
N2RJ0PPP0000,Parshavnath Power Projects Pvt Ltd,N2RJ0PPP0078,Shrishti Alloys Private Limited Bhiwadi,Portfolio,NA,403200,NA,NA,NA,NA,405345,403200,99.47
N2RJ0PPP0000,Parshavnath Power Projects Pvt Ltd,N2RJ0PPP0079,Mammon Concast Pvt Ltd Dholpur,Portfolio,NA,0,NA,NA,NA,NA,0,0,0
N2RJ0PPP0000,Parshavnath Power Projects Pvt Ltd,N2RJ0PPP0080,Anil Special Steel Industries Ltd,Portfolio,NA,0,NA,NA,NA,NA,0,0,0
N2RJ0PPP0000,Parshavnath Power Projects Pvt Ltd,N2RJ0PPP0081,Jai Bharat Furnaces Pvt Ltd,Portfolio,NA,300000,NA,NA,NA,NA,379136,300000,79.13
N2RJ0PPP0000,Parshavnath Power Projects Pvt Ltd,N2RJ0PPP0082,Jai Ambey Casting Pvt Ltd,Portfolio,NA,369600,NA,NA,NA,NA,692871,369600,53.34
N2RJ0PPP0000,Parshavnath Power Projects Pvt Ltd,N2RJ0PPP0083,Kiwi Alloys Ltd Bhiwadi,Portfolio,NA,0,NA,NA,NA,NA,419449.53,0,0
N2RJ0PPP0000,Parshavnath Power Projects Pvt Ltd,N2RJ0PPP0084,K K Metals Pvt Ltd,Portfolio,NA,79200,NA,NA,NA,NA,106072,79200,74.67
N2RJ0PPP0000,Parshavnath Power Projects Pvt Ltd,N2RJ0PPP0085,M P K Ispat India Pvt Ltd,Portfolio,NA,431325,NA,NA,NA,NA,146407.1,431325,0
N2RJ0PPP0000,Parshavnath Power Projects Pvt Ltd,N2RJ0PPP0086,Jaishree Metacast Ltd,Portfolio,NA,0,NA,NA,NA,NA,0,0,0
N2RJ0PPP0000,Parshavnath Power Projects Pvt Ltd,N2RJ0PPP0087,Yantra Steels India Pvt Ltd Parbatsar Nagaur,Portfolio,NA,0,NA,NA,NA,NA,7231,0,0
N2RJ0PPP0000,Parshavnath Power Projects Pvt Ltd,N2RJ0PPP0088,Raghupati Casting Pvt Ltd,Portfolio,NA,277200,NA,NA,NA,NA,383937,277200,72.2
N2RJ0PPP0000,Parshavnath Power Projects Pvt Ltd,N2RJ0PPP0089,Jai Bajrang Steel Khushkhera,Portfolio,NA,0,NA,NA,NA,NA,0,0,0
N2RJ0PPP0000,Parshavnath Power Projects Pvt Ltd,N2RJ0PPP0090,R K Enterprises Morwad,Portfolio,NA,0,NA,NA,NA,NA,14042,0,0
N2RJ0PPP0000,Parshavnath Power Projects Pvt Ltd,N2RJ0PPP0092,RGTL Industries Ltd. Bhiwadi,Portfolio,NA,0,NA,NA,NA,NA,163169,0,0
N2RJ0PPP0000,Parshavnath Power Projects Pvt Ltd,N2RJ0PPP0093,Sanwariya Furnaces Pvt Ltd Bhiwadi,Portfolio,NA,0,NA,NA,NA,NA,80762,0,0
N2RJ0PPP0000,Parshavnath Power Projects Pvt Ltd,N2RJ0PPP0096,Tirupati Balaji Furnaces P Ltd,Portfolio,NA,191400,NA,NA,NA,NA,262867,191400,72.81
N2RJ0PPP0000,Parshavnath Power Projects Pvt Ltd,N2RJ0PPP0097,Shiv Jyoti Furnace Pvt. Ltd. Abu Road,Portfolio,NA,0,NA,NA,NA,NA,14001,0,0
N2RJ0PPP0000,Parshavnath Power Projects Pvt Ltd,N2RJ0PPP0098,Sharma Steel Rolling Mills Jhotwara Jaipur,Portfolio,NA,0,NA,NA,NA,NA,62,0,0
N2RJ0PPP0000,Parshavnath Power Projects Pvt Ltd,N2RJ0PPP0099,Indo Alusys Industries Ltd. Bhiwadi,Portfolio,NA,211200,NA,NA,NA,NA,305882,211200,69.05
N2RJ0PPP0000,Parshavnath Power Projects Pvt Ltd,N2RJ0PPP0100,Continental Engines Ltd. Bhiwadi,Portfolio,NA,95040,NA,NA,NA,NA,454797,95040,20.9
N2RJ0PPP0000,Parshavnath Power Projects Pvt Ltd,N2RJ0PPP0101,Serveall Land Developers Pvt Ltd,Portfolio,NA,127920,NA,NA,NA,NA,933758,127920,13.7
N2RJ0PPP0000,Parshavnath Power Projects Pvt Ltd,N2RJ0PPP0102,Hind Chemisales MIA Alwar,Portfolio,NA,92000,NA,NA,NA,NA,222500,92000,41.35
N2RJ0PPP0000,Parshavnath Power Projects Pvt Ltd,N2RJ0PPP0103,Shri Vaibhav Metacast Pvt Ltd,Portfolio,NA,0,NA,NA,NA,NA,0,0,0
N2RJ0PPP0000,Parshavnath Power Projects Pvt Ltd,N2RJ0PPP0104,BLS Ecotech Ltd Bhiwadi,Portfolio,NA,0,NA,NA,NA,NA,Group,0,NA
N2RJ0PPP0000,Parshavnath Power Projects Pvt Ltd,N2RJ0PPP0105,M.R. Industries Bagru,Portfolio,NA,0,NA,NA,NA,NA,520340,0,0
N2RJ0PPP0000,Parshavnath Power Projects Pvt Ltd,N2RJ0PPP0106,Giri Raj Casting (P) Ltd.,Portfolio,NA,309420,NA,NA,NA,NA,310658,309420,99.6
N2RJ0PPP0000,Parshavnath Power Projects Pvt Ltd,N2RJ0PPP0107,Industrial Gaur Products Pvt Ltd,Portfolio,NA,0,NA,NA,NA,NA,0,0,0
N2RJ0PPP0000,Parshavnath Power Projects Pvt Ltd,N2RJ0PPP0108,Harmony Plastics P Ltd,Portfolio,NA,0,NA,NA,NA,NA,221574,0,0
N2RJ0PPP0000,Parshavnath Power Projects Pvt Ltd,N2RJ0PPP0109,Ajanta Soya Ltd,Portfolio,NA,0,NA,NA,NA,NA,0,0,0
N2RJ0PPP0000,Parshavnath Power Projects Pvt Ltd,N2RJ0PPP0110,Bonafide Arts Pvt Ltd,Portfolio,NA,336000,NA,NA,NA,NA,632841,336000,53.09
N2RJ0PPP0000,Parshavnath Power Projects Pvt Ltd,N2RJ0PPP0111,Associated Stone Industries (K) Ltd,Portfolio,NA,0,NA,NA,NA,NA,276236.71,0,0
N2RJ0PPP0000,Parshavnath Power Projects Pvt Ltd,N2RJ0PPP0112,SSB Engineers Pvt. Ltd.,Portfolio,NA,84056,NA,NA,NA,NA,84108,84056,99.94
N2RJ0PPP0000,Parshavnath Power Projects Pvt Ltd,N2RJ0PPP0113,Sorabh Cement Ltd,Portfolio,NA,145000,NA,NA,NA,NA,294801,145000,49.19
N2RJ0PPP0000,Parshavnath Power Projects Pvt Ltd,N2RJ0PPP0114,ARGL Limited,Portfolio,NA,100968,NA,NA,NA,NA,499199,100968,20.23
N2RJ0PPP0000,Parshavnath Power Projects Pvt Ltd,N2RJ0PPP0115,Lords Chloro Alkali Ltd,Portfolio,NA,1017600,NA,NA,NA,NA,2139087,1017600,47.57
N2RJ0PPP0000,Parshavnath Power Projects Pvt Ltd,N2RJ0PPP0116,Fruitful Buildcon Pvt Ltd,Portfolio,NA,40000,NA,NA,NA,NA,359908,40000,11.11
N2RJ0PPP0000,Parshavnath Power Projects Pvt Ltd,N2RJ0PPP0117,BLS Ecotech Ltd Kotputli,Portfolio,NA,0,NA,NA,NA,NA,Group,0,NA
N2RJ0PPP0000,Parshavnath Power Projects Pvt Ltd,N2RJ0PPP0118,Shreeji Cotfab Ltd,Portfolio,NA,0,NA,NA,NA,NA,148736,0,0
N2RJ0PPP0000,Parshavnath Power Projects Pvt Ltd,N2RJ0PPP0119,Mahesh Edible Oil Industries Ltd,Portfolio,NA,406700,NA,NA,NA,NA,1269303,406700,32.04
N2RJ0PPP0000,Parshavnath Power Projects Pvt Ltd,N2RJ0PPP0120,Continental Engines Ltd,Portfolio,NA,116160,NA,NA,NA,NA,736432,116160,15.77
N2RJ0PPP0000,Parshavnath Power Projects Pvt Ltd,N2RJ0PPP0121,Dinesh Irrigation Pvt Ltd,Portfolio,NA,0,NA,NA,NA,NA,56521,0,0
N2RJ0PPP0000,Parshavnath Power Projects Pvt Ltd,N2RJ0PPP0122,Classic Enterprises Ltd,Portfolio,NA,0,NA,NA,NA,NA,5303,0,0
N2RJ0PPP0000,Parshavnath Power Projects Pvt Ltd,N2RJ0PPP0123,Relaxo Footwears Ltd,Portfolio,NA,180400,NA,NA,NA,NA,268149,180400,67.28
N2RJ0PPP0000,Parshavnath Power Projects Pvt Ltd,N2RJ0PPP0124,Swatantra Bharat Mills,Portfolio,NA,0,NA,NA,NA,NA,34062,0,0
N2RJ0PPP0000,Parshavnath Power Projects Pvt Ltd,N2RJ0PPP0125,Paras Steel Industries,Portfolio,NA,0,NA,NA,NA,NA,20050,0,0
N2RJ0PPP0000,Parshavnath Power Projects Pvt Ltd,N2RJ0PPP0126,Casablanca Industries Pvt Ltd,Portfolio,NA,86400,NA,NA,NA,NA,142798,86400,60.51
N2RJ0PPP0000,Parshavnath Power Projects Pvt Ltd,N2RJ0PPP0127,Umang Boards Pvt Ltd,Portfolio,NA,36400,NA,NA,NA,NA,68988,36400,52.76
N2RJ0PPP0000,Parshavnath Power Projects Pvt Ltd,N2RJ0PPP0128,Honda Cars India Ltd,Portfolio,NA,351000,NA,NA,NA,NA,3206645,351000,10.95
N2RJ0PPP0000,Parshavnath Power Projects Pvt Ltd,N2RJ0PPP0129,Triton Hotels & Resorts Pvt Ltd,Portfolio,NA,58950,NA,NA,NA,NA,572292,58950,10.3
N2RJ0PPP0000,Parshavnath Power Projects Pvt Ltd,N2RJ0PPP0130,Deepak Vegpro Pvt. Ltd,Portfolio,NA,44620,NA,NA,NA,NA,171400,44620,26.03
N2RJ0PPP0000,Parshavnath Power Projects Pvt Ltd,N2RJ0PPP0131,Shivanchal Alloys Pvt Ltd,Portfolio,NA,577200,NA,NA,NA,NA,736701,577200,78.35
N2RJ0PPP0000,Parshavnath Power Projects Pvt Ltd,N2RJ0PPP0132,Deepak Industries,Portfolio,NA,0,NA,NA,NA,NA,61678,0,0
N2RJ0PPP0000,Parshavnath Power Projects Pvt Ltd,N2RJ0PPP0133,Greenlam Industries Ltd,Portfolio,NA,161850,NA,NA,NA,NA,394282.77,161850,0
N2RJ0PPP0000,Parshavnath Power Projects Pvt Ltd,N2RJ0PPP0134,Prayag Polytech Pvt Ltd,Portfolio,NA,0,NA,NA,NA,NA,-10932.59,0,0
N2RJ0PPP0000,Parshavnath Power Projects Pvt Ltd,N2RJ0PPP0135,Nissin Brake India Pvt Ltd,Portfolio,NA,165000,NA,NA,NA,NA,40616.56,165000,0
